purchase,salary
55403,150248
44368,96504
26339,78943
48915,126144
69740,173262
2521,126781
11604,159646
39764,90959
94528,115757
755,61351
27330,157075
54384,169633
39385,128697
87391,179751
87419,119871
14272,77769
68046,57413
60700,77907
78305,119992
13887,143469
53049,199451
39996,131428
98540,110358
65625,86043
94025,197430
13076,167563
84385,77950
17841,86254
52880,129095
55603,141958
97078,166435
89412,139144
79411,64421
76024,102010
56425,99375
62810,146285
85690,109271
95750,71934
79782,138672
81871,156821
48023,172665
36331,164648
63696,100578
24441,178706
37210,109461
4208,136610
72709,154930
52719,144512
38587,173691
37368,125582
82241,193132
72679,189245
70664,177477
69660,178059
88876,187249
58368,157799
96429,92724
27677,56310
80845,198494
23551,124888
39177,86586
93200,145663
80791,57287
16423,127744
78739,102245
46063,85420
31221,168509
9462,163967
36191,193537
34613,131368
26935,57630
73874,175976
7030,140800
45935,96726
15489,87642
77963,98174
20284,95060
68791,61035
26189,95986
64831,76732
36391,115002
15284,73891
29601,136049
47906,121836
6756,148025
31197,141449
3616,91708
50665,100625
96933,67735
80451,83948
62524,177038
93478,116271
13629,133649
64951,117331
68960,87112
90944,145719
90519,98513
80013,131614
45688,146450
72952,86751
32169,127287
66975,65516
34706,121765
18283,146482
17686,136720
45568,182603
39936,148624
54431,174250
89301,155127
70441,101668
46125,139276
17636,60303
71503,99909
61487,134138
10980,165173
77484,166006
52081,137551
14026,141893
29299,141125
83607,185241
10454,55040
48035,137923
73450,79703
59905,120721
65385,182552
84005,110833
39922,177888
94652,112934
39668,135292
33045,78487
45999,148224
78950,134057
69031,113608
35126,57820
41240,183515
43586,68525
96168,73356
36257,160224
8469,61659
73879,69731
46844,179543
41852,112060
90613,62268
85155,180637
76905,76451
3233,64140
53742,137115
21862,82905
99994,172501
73634,123541
67406,182553
63198,141811
7800,192720
54046,117418
17420,114762
54678,187833
62994,131043
17757,64908
96641,66472
55058,86597
78291,190313
24158,180130
17068,96305
64399,165384
56468,104752
43131,62024
9657,73898
1707,139788
59355,182219
39010,89183
18688,65995
31555,115668
39464,199982
52173,188623
99301,80718
37939,155516
75556,97788
90208,75829
62898,80451
79874,130147
81717,124338
88760,105508
59757,132298
29013,59290
60902,172656
56153,161893
388,81869
23744,58776
44910,145311
18215,195762
89874,172144
78039,68560
97187,163732
74713,195312
13596,122072
64896,55901
29910,169396
77192,135594
57843,185002
97115,83607
88114,109807
15406,197735
43963,78272
99758,138371
8598,158575
25407,191549
24970,191556
98340,148338
40462,169648
50446,130438
1574,164383
15314,92307
84359,99597
33056,175837
70946,123059
30108,148961
3872,66380
22089,76384
29852,147580
86385,133757
86717,182745
60958,151209
98770,154994
27700,67953
87534,156983
26820,64608
56414,87572
5185,60043
20841,123722
67268,71192
66155,199787
57441,125356
54221,186334
63763,152056
98695,106228
92939,137290
26982,193048
58695,106707
64345,59545
17146,112459
80968,141046
84690,107204
17567,102233
45122,133905
94536,178696
24741,96491
25597,91148
53831,168793
26280,169635
67919,150455
71094,173286
61376,85055
76347,73990
32940,187140
62259,177596
36696,134394
91051,168782
77888,72192
99384,58933
89636,164145
48481,198834
5999,75297
12736,156863
87466,136842
98620,163291
49399,102204
73405,158335
30129,89735
13173,152119
34222,96884
58919,198472
9551,161906
55779,145279
99631,78143
93376,114547
25104,106086
34365,103826
24885,137504
43020,55402
90255,67271
38722,123260
26551,193743
51160,180682
36777,95241
57789,65761
54435,103314
46718,132366
37969,136316
54550,149473
80713,105135
57586,156243
95022,86929
83151,162776
63455,194759
35065,74772
45998,135874
53242,178639
69886,112770
35359,58195
51428,148431
25902,181996
98918,144509
4936,69956
423,123595
72429,176882
66543,59276
77321,196976
43863,72354
19980,68385
8594,58679
84564,153390
38804,174107
98539,100280
31349,80355
70109,190179
69651,148769
81580,159408
74506,129768
8480,128978
47138,192254
74440,146857
42209,122109
97703,94711
58989,147246
11282,144783
59973,174020
37111,187241
62357,76183
98657,165673
44514,184592
32248,62940
12297,137994
29474,115840
74786,61258
7985,167843
17985,128080
81871,175064
28097,64748
61701,173252
51790,178954
77683,192552
12544,59948
83132,114171
98471,74353
79366,85316
68445,150703
17021,193431
88140,59873
30047,62409
54689,175950
6098,165512
92059,60888
80804,172929
14492,168183
37014,164063
74368,75879
22045,58044
71256,169626
43045,113819
54684,194075
38856,137524
87661,184829
52173,176980
93481,129474
86613,135508
29304,70282
67362,89769
57409,74663
73975,73039
68694,145183
20264,146106
28293,77503
95834,198270
49271,148766
22961,102270
36952,176560
15036,59245
85649,79825
77720,179208
89245,90962
17093,124012
17918,176791
40754,148624
77740,147822
12964,139426
84205,113196
71056,172754
93504,187615
10014,92388
75918,177962
97339,69067
54090,117684
61645,85125
49812,179582
41039,69232
49001,88447
67249,158860
12540,112075
38162,190555
44703,190991
89272,104559
17151,185004
71396,189003
13432,175021
47243,163954
73490,195873
55048,85360
30163,146615
34012,180709
24840,148481
42100,110124
35438,98871
4750,100661
18415,100749
35210,159082
66804,140308
28740,171179
94158,140281
54879,165625
10367,193942
98440,188401
60779,154021
93662,103219
58251,81529
64454,94824
89975,71775
30569,104650
52821,96738
89703,137755
15101,77717
62074,138387
9574,111034
73187,179740
42091,136682
53867,87505
67640,141930
37836,125739
18205,193889
81148,187742
19782,77688
86208,124006
39531,195933
98957,101226
21843,196733
69727,106963
4216,199539
47638,90244
65483,147655
64433,64923
66992,115057
8218,71384
83945,75880
62621,114740
9174,117476
46127,70791
47536,113608
65492,98693
39458,114410
55976,86107
23616,134831
43729,73340
87258,131933
60191,96353
48322,165881
45803,55593
16624,75753
50949,153462
38600,103602
62473,184096
3828,109987
86453,151218
63805,161451
86685,121452
13310,85348
54319,102753
16098,196566
5724,130030
94820,146836
17950,192615
94808,147419
3710,116721
4441,129609
46621,172357
66422,83780
56477,195335
12606,57558
23869,181250
3929,116538
4255,160633
92136,64605
75288,181181
13895,65468
48728,195829
12815,98466
35688,63882
77246,94815
38183,105749
30880,67290
62842,129999
16594,102432
69843,182961
60093,172396
24117,89733
58338,193764
73810,67088
55188,107012
45165,175857
30174,158078
28477,67333
84942,136961
18583,106563
94134,183384
44712,126079
24826,60975
87352,108912
6325,127142
88642,193253
62512,114598
97996,68599
72450,181644
19739,144228
11658,100456
2626,112859
41937,199867
39110,164687
25634,162889
9881,187655
39798,199313
25906,176847
19861,68904
98636,97048
27347,105793
56926,143962
70475,143169
63963,62880
68725,114886
11307,153365
9785,171950
2812,142382
3891,57326
59557,157451
7695,146371
73194,141858
4188,136720
37868,145093
7212,111701
23191,170602
29318,146143
98934,87439
74809,175027
78378,64152
17617,144087
57596,161127
27072,60273
43951,136779
99196,105856
39034,148292
77607,94792
87291,104130
2507,86319
28565,73295
14191,194645
68555,63462
3756,120707
1582,67566
38710,136627
51029,148430
46813,175395
34824,92611
82686,76760
18597,102809
51968,141421
1301,135530
5347,68135
71527,164193
2189,123563
96310,146516
14723,108188
78658,82611
94387,191491
74546,122161
29103,119259
9569,199933
30783,89454
17442,181351
74880,130519
5391,159207
41003,158451
45152,110149
78492,139486
1769,165066
58985,172638
94483,119723
29618,123096
91551,98915
66476,97173
98096,137668
36432,108784
77812,151567
90322,101363
8411,169800
72752,149803
52212,56290
88666,72821
17978,181838
80880,98715
3346,77491
56602,112030
63031,70419
36032,125252
1042,114961
98616,199561
17314,198128
23855,63768
95424,94124
87988,84467
6601,174107
75474,116027
56516,132312
66383,102464
16628,165020
49170,157791
25910,126172
87745,99556
74216,152908
15155,64288
61468,179030
29552,72238
4975,63809
29225,147879
59814,124925
41338,179105
17412,115871
8010,56344
17725,136943
58104,97568
65799,195233
68307,190941
18138,178138
39009,183771
89580,182195
51207,154607
36645,80392
9648,185972
57283,108406
75289,190575
43661,154099
27710,129481
48085,161648
82997,142041
9123,125129
73017,66779
38390,177302
66997,188943
10731,158516
46954,72260
78697,142778
19340,56464
86797,92653
50883,197760
32469,192864
34471,72060
87552,74607
69470,71813
99779,90570
60804,175618
72582,132831
48402,60456
4,115326
80450,65492
50900,157818
80250,69926
95879,102416
63318,103502
12312,80223
9690,138722
7110,103400
61608,92733
71564,86095
40950,140982
48645,78023
92272,160167
82445,62870
7979,128345
54038,103875
76404,107165
98952,140879
73287,127572
5409,88713
84453,195805
18657,147176
77970,90656
44967,154358
82228,55093
40793,144910
40651,103773
94762,151985
10485,129764
68994,99881
46750,59810
95437,61123
7715,194104
88968,153418
96674,188664
97971,69459
29348,72331
89487,55943
58979,117804
15965,119290
85530,175897
71546,181230
80745,131908
33286,145555
42938,114605
48378,133910
93308,126804
23327,133944
38595,79710
6109,82924
67608,181605
3444,155916
12155,122994
15826,128402
71607,151013
65364,196541
97809,189623
23829,107962
50995,143608
86402,58689
14281,178592
76224,107304
56715,186901
18524,163203
18350,111763
64835,155979
69898,112474
45063,95622
75474,59611
68626,90887
8765,130500
46172,159084
90396,120135
53215,158463
20639,73964
76575,161206
26066,120333
94775,140013
79206,62105
95676,167068
37817,126497
54943,88413
807,89020
59102,111844
61255,93642
23880,117892
18967,156440
71146,88237
71086,195610
1206,134348
3182,185324
78278,132465
35888,101994
50400,142545
72274,101623
69684,155017
20100,134551
13893,71882
4680,192665
87731,85755
51850,94572
94946,108775
22817,197528
10413,103902
87201,132108
2709,82129
40232,95947
61963,64003
11776,161684
93189,114644
3772,68242
24330,122111
6948,183133
90501,88370
43906,98130
75753,105035
4036,194952
58867,95221
82627,195085
18910,187766
85021,199548
20559,165071
11737,168745
151,115444
33708,58306
36609,85259
97489,147276
40838,139615
41136,123762
78639,107599
23092,116053
51615,187189
26664,86998
86838,171522
30022,147343
79183,126575
41768,184107
15005,55509
81925,86769
46302,175633
80912,78759
26950,109561
44798,61235
56576,195935
82907,162874
7732,111055
83226,147668
32073,173049
82228,61813
28711,185851
33985,185001
80782,137264
23997,73119
72860,70989
56269,148341
60918,111727
57325,82421
61450,129946
3210,181017
65363,160693
68537,195362
71585,171196
90871,151830
86010,127332
57587,177382
48770,145170
21345,168608
15840,184910
77554,169203
65611,103767
43516,83812
62624,56665
57528,127713
83307,198515
29620,114134
2998,84991
21347,179617
25802,107042
35925,140131
89600,158831
62213,87005
31641,131938
39217,74084
78037,89414
10188,113506
37788,86988
36175,104156
13890,177823
46288,194833
58709,89387
49987,143623
9540,98263
98217,135735
26652,157874
66088,166312
46128,129977
68920,189423
25044,167711
32638,185435
28278,59988
87496,139721
5577,101036
32390,110906
56850,72236
41123,145029
31012,160418
67838,169369
11366,174979
80315,79670
74343,58458
74103,179685
86082,150749
70536,84835
79903,124235
98391,146863
39520,172330
40404,178666
72138,133423
6597,196627
76044,168019
20721,183712
69490,70221
19211,171478
3197,172967
90171,105121
70609,111172
26152,68774
56183,147740
89909,187280
71649,59465
5599,81140
1873,102441
56,73289
90014,76894
56716,75058
59212,109672
60769,153674
94625,138689
1036,62495
50436,196269
46060,183638
75688,59924
83072,174931
44559,93890
74903,165712
25762,71647
55877,162780
17293,170073
46965,61427
70958,157434
16664,82308
65030,97192
28083,180061
29912,182282
73678,103545
52111,174622
71413,80793
62114,162244
24207,110844
89795,174700
79181,121265
16842,121282
68145,87219
13625,127692
91242,169492
36269,193586
31363,91757
15271,84913
41229,175789
95575,93917
56625,71220
33171,170283
56584,62788
35711,92703
68200,120699
78864,64900
31240,113709
76808,112324
2945,194776
42445,130070
23710,134058
82100,158319
44863,106155
37337,88709
95791,183873
79476,141480
66875,117868
14015,199708
29579,175982
99296,117297
51599,92812
41871,136442
56338,171370
42377,175726
42559,89354
49611,102452
84313,103171
46889,151027
20768,83385
59128,55244
55044,101618
9849,122523
6456,100903
60051,73802
29528,86432
64284,87312
42487,141924
66056,121489
55884,91057
74240,184434
12899,108429
58180,119201
85492,193785
49273,179998
10121,110419
1881,190282
17898,178060
45799,73103
80725,95984
97032,129162
18804,149941
94578,131085
82100,137095
83327,102594
51710,93650
53517,112137
29487,165485
24633,130271
91604,199905
51647,192408
57908,180372
